{
    "swagger": "2.0",
    "info": {
        "description": "2022秋-数据库大作业-学生选课系统API文档",
        "title": "学生选课系统API文档",
        "contact": {
            "name": "Lu Wenhao",
            "email": "luwenhao_2001@outlook.com"
        },
        "version": "1.0"
    },
    "host": "139.9.143.161:8080",
    "basePath": "/api/v1",
    "paths": {
        "/auth/log": {
            "post": {
                "description": "用户尝试进行登出，登出后再次认证需要进行try获取公钥和session",
                "tags": [
                    "用户登出"
                ],
                "summary": "用户j进行登出",
                "responses": {
                    "200": {
                        "description": "{\\\"code\\\":0,\\\"data\\\":null,\\\"msg\\\":\\\"登出成功\\\"}",
                        "schema": {
                            "type": "json"
                        }
                    },
                    "404": {
                        "description": "{\\\"code\\\":-1,\\\"data\\\":null,\\\"msg\\\":\\\"用户未登录\\\"}",
                        "schema": {
                            "type": "string"
                        }
                    }
                }
            }
        },
        "/auth/login": {
            "post": {
                "description": "用户进行登录，ID密码使用try中获取到的公钥进行加密",
                "tags": [
                    "用户登录"
                ],
                "summary": "用户进行登录",
                "parameters": [
                    {
                        "type": "string",
                        "description": "用户id,需要使用公钥加密",
                        "name": "userid",
                        "in": "formData",
                        "required": true
                    },
                    {
                        "type": "string",
                        "description": "用户密码,需要使用公钥加密",
                        "name": "password",
                        "in": "formData",
                        "required": true
                    }
                ],
                "responses": {
                    "200": {
                        "description": "{\\\"code\\\":0,\\\"data\\\":null,\\\"msg\\\":\\\"登录成功/\\\"}",
                        "schema": {
                            "type": "json"
                        }
                    },
                    "400": {
                        "description": "{\\\"code\\\":-3,\\\"data\\\":null,\\\"msg\\\":\\\"请求信息非法\\\"}",
                        "schema": {
                            "type": "string"
                        }
                    },
                    "401": {
                        "description": "{\\\"code\\\":-1,\\\"data\\\":null,\\\"msg\\\":\\\"密码错误\\\"}",
                        "schema": {
                            "type": "string"
                        }
                    },
                    "404": {
                        "description": "{\\\"code\\\":-2,\\\"data\\\":null,\\\"msg\\\":\\\"无此用户或用户未激活\\\"}",
                        "schema": {
                            "type": "string"
                        }
                    }
                }
            }
        },
        "/auth/register": {
            "post": {
                "description": "用户进行注册，ID、用户名和密码使用try中获取到的公钥进行加密",
                "tags": [
                    "用户注册"
                ],
                "summary": "用户进行注册",
                "parameters": [
                    {
                        "type": "string",
                        "description": "用户id,需要使用公钥加密",
                        "name": "userid",
                        "in": "formData",
                        "required": true
                    },
                    {
                        "type": "string",
                        "description": "用户电子邮件,需要使用公钥加密",
                        "name": "emial",
                        "in": "formData",
                        "required": true
                    },
                    {
                        "type": "string",
                        "description": "用户密码,需要使用公钥加密",
                        "name": "password",
                        "in": "formData",
                        "required": true
                    }
                ],
                "responses": {
                    "200": {
                        "description": "{\\\"code\\\":0,\\\"data\\\":null,\\\"msg\\\":\\\"注册成功\\\"}",
                        "schema": {
                            "type": "json"
                        }
                    },
                    "400": {
                        "description": "{\\\"code\\\":-1,\\\"data\\\":null,\\\"msg\\\":\\\"用户已注册\\\"}",
                        "schema": {
                            "type": "string"
                        }
                    },
                    "404": {
                        "description": "{\\\"code\\\":-2,\\\"data\\\":null,\\\"msg\\\":\\\"无此ID用户\\\"}",
                        "schema": {
                            "type": "string"
                        }
                    }
                }
            }
        },
        "/auth/try": {
            "post": {
                "description": "用户尝试进行认证，服务端会检查请求中的cookie，来判断用户是否已经有效登录，如果有则延长cookie的保留时间，否则判断失败类型，如果是未尝试过认证，则会返回一个用于加密的公钥",
                "tags": [
                    "用户认证"
                ],
                "summary": "用户尝试进行认证",
                "responses": {
                    "200": {
                        "description": "{\\\"code\\\":0,\\\"data\\\":null,\\\"msg\\\":\\\"认证通过\\\"}",
                        "schema": {
                            "type": "string"
                        }
                    },
                    "401": {
                        "description": "{\\\"code\\\":-1,\\\"data\\\":null,\\\"msg\\\":\\\"认证未通过\\\"}",
                        "schema": {
                            "type": "string"
                        }
                    }
                }
            }
        },
        "/paint-egg": {
            "get": {
                "description": "没有什么特殊的，只是有点臭",
                "tags": [
                    "彩蛋"
                ],
                "summary": "这只是一个彩蛋接口，你可以GET它",
                "responses": {
                    "200": {
                        "description": "哼～哼～哼～啊啊啊啊啊啊啊啊啊啊～😫😫😫😫😫",
                        "schema": {
                            "type": "string"
                        }
                    }
                }
            }
        }
    }
}